{
    "providers": [
        {
            "type": "bitmap",
            "file": "minecraft:font/new5.png",
            "ascent":11,
            "height":256,
            "chars": ["\uD010"]
        },
        {
            "type": "bitmap",
            "file": "minecraft:font/new4.png",
            "ascent":12,
            "height":256,
            "chars": ["\uD020"]
        },
        {
            "type": "bitmap",
            "file": "minecraft:font/new3.png",
            "ascent":12,
            "height":256,
            "chars": ["\uD021"]
        },
        {
            "type": "bitmap",
            "file": "minecraft:font/new2.png",
            "ascent":12,
            "height":256,
            "chars": ["\uD022"]
        },
        {
            "type": "bitmap",
            "file": "minecraft:font/new1.png",
            "ascent":12,
            "height":256,
            "chars": ["\uD023"]
        },
        {
            "type": "space",
            "advances": {
                "\uD0E1": -8
            }
        }
    ]
}
