{"model":{"type":"minecraft:select","cases":[{"model":{"type":"minecraft:model","model":"trimmable_tools:item/netherite_shovel_quartz_sentry"},"when":"minecraft:quartz"},{"model":{"type":"minecraft:model","model":"trimmable_tools:item/netherite_shovel_iron_sentry"},"when":"minecraft:iron"},{"model":{"type":"minecraft:model","model":"trimmable_tools:item/netherite_shovel_netherite_sentry"},"when":"minecraft:netherite"},{"model":{"type":"minecraft:model","model":"trimmable_tools:item/netherite_shovel_redstone_sentry"},"when":"minecraft:redstone"},{"model":{"type":"minecraft:model","model":"trimmable_tools:item/netherite_shovel_copper_sentry"},"when":"minecraft:copper"},{"model":{"type":"minecraft:model","model":"trimmable_tools:item/netherite_shovel_gold_sentry"},"when":"minecraft:gold"},{"model":{"type":"minecraft:model","model":"trimmable_tools:item/netherite_shovel_emerald_sentry"},"when":"minecraft:emerald"},{"model":{"type":"minecraft:model","model":"trimmable_tools:item/netherite_shovel_diamond_sentry"},"when":"minecraft:diamond"},{"model":{"type":"minecraft:model","model":"trimmable_tools:item/netherite_shovel_lapis_sentry"},"when":"minecraft:lapis"},{"model":{"type":"minecraft:model","model":"trimmable_tools:item/netherite_shovel_amethyst_sentry"},"when":"minecraft:amethyst"},{"model":{"type":"minecraft:model","model":"trimmable_tools:item/netherite_shovel_resin_sentry"},"when":"minecraft:resin"}],"fallback":{"type":"minecraft:model","model":"minecraft:item/netherite_shovel"},"property":"minecraft:trim_material"}}