{"model":{"type":"minecraft:select","cases":[{"model":{"type":"minecraft:model","model":"trimmable_tools:item/stone_sword_quartz_wild"},"when":"minecraft:quartz"},{"model":{"type":"minecraft:model","model":"trimmable_tools:item/stone_sword_iron_wild"},"when":"minecraft:iron"},{"model":{"type":"minecraft:model","model":"trimmable_tools:item/stone_sword_netherite_wild"},"when":"minecraft:netherite"},{"model":{"type":"minecraft:model","model":"trimmable_tools:item/stone_sword_redstone_wild"},"when":"minecraft:redstone"},{"model":{"type":"minecraft:model","model":"trimmable_tools:item/stone_sword_copper_wild"},"when":"minecraft:copper"},{"model":{"type":"minecraft:model","model":"trimmable_tools:item/stone_sword_gold_wild"},"when":"minecraft:gold"},{"model":{"type":"minecraft:model","model":"trimmable_tools:item/stone_sword_emerald_wild"},"when":"minecraft:emerald"},{"model":{"type":"minecraft:model","model":"trimmable_tools:item/stone_sword_diamond_wild"},"when":"minecraft:diamond"},{"model":{"type":"minecraft:model","model":"trimmable_tools:item/stone_sword_lapis_wild"},"when":"minecraft:lapis"},{"model":{"type":"minecraft:model","model":"trimmable_tools:item/stone_sword_amethyst_wild"},"when":"minecraft:amethyst"},{"model":{"type":"minecraft:model","model":"trimmable_tools:item/stone_sword_resin_wild"},"when":"minecraft:resin"}],"fallback":{"type":"minecraft:model","model":"minecraft:item/stone_sword"},"property":"minecraft:trim_material"}}