{"model":{"type":"minecraft:select","cases":[{"model":{"type":"minecraft:model","model":"trimmable_tools:item/stone_axe_quartz_rib"},"when":"minecraft:quartz"},{"model":{"type":"minecraft:model","model":"trimmable_tools:item/stone_axe_iron_rib"},"when":"minecraft:iron"},{"model":{"type":"minecraft:model","model":"trimmable_tools:item/stone_axe_netherite_rib"},"when":"minecraft:netherite"},{"model":{"type":"minecraft:model","model":"trimmable_tools:item/stone_axe_redstone_rib"},"when":"minecraft:redstone"},{"model":{"type":"minecraft:model","model":"trimmable_tools:item/stone_axe_copper_rib"},"when":"minecraft:copper"},{"model":{"type":"minecraft:model","model":"trimmable_tools:item/stone_axe_gold_rib"},"when":"minecraft:gold"},{"model":{"type":"minecraft:model","model":"trimmable_tools:item/stone_axe_emerald_rib"},"when":"minecraft:emerald"},{"model":{"type":"minecraft:model","model":"trimmable_tools:item/stone_axe_diamond_rib"},"when":"minecraft:diamond"},{"model":{"type":"minecraft:model","model":"trimmable_tools:item/stone_axe_lapis_rib"},"when":"minecraft:lapis"},{"model":{"type":"minecraft:model","model":"trimmable_tools:item/stone_axe_amethyst_rib"},"when":"minecraft:amethyst"},{"model":{"type":"minecraft:model","model":"trimmable_tools:item/stone_axe_resin_rib"},"when":"minecraft:resin"}],"fallback":{"type":"minecraft:model","model":"minecraft:item/stone_axe"},"property":"minecraft:trim_material"}}