{"model":{"type":"minecraft:select","cases":[{"model":{"type":"minecraft:model","model":"trimmable_tools:item/stone_pickaxe_quartz_dune"},"when":"minecraft:quartz"},{"model":{"type":"minecraft:model","model":"trimmable_tools:item/stone_pickaxe_iron_dune"},"when":"minecraft:iron"},{"model":{"type":"minecraft:model","model":"trimmable_tools:item/stone_pickaxe_netherite_dune"},"when":"minecraft:netherite"},{"model":{"type":"minecraft:model","model":"trimmable_tools:item/stone_pickaxe_redstone_dune"},"when":"minecraft:redstone"},{"model":{"type":"minecraft:model","model":"trimmable_tools:item/stone_pickaxe_copper_dune"},"when":"minecraft:copper"},{"model":{"type":"minecraft:model","model":"trimmable_tools:item/stone_pickaxe_gold_dune"},"when":"minecraft:gold"},{"model":{"type":"minecraft:model","model":"trimmable_tools:item/stone_pickaxe_emerald_dune"},"when":"minecraft:emerald"},{"model":{"type":"minecraft:model","model":"trimmable_tools:item/stone_pickaxe_diamond_dune"},"when":"minecraft:diamond"},{"model":{"type":"minecraft:model","model":"trimmable_tools:item/stone_pickaxe_lapis_dune"},"when":"minecraft:lapis"},{"model":{"type":"minecraft:model","model":"trimmable_tools:item/stone_pickaxe_amethyst_dune"},"when":"minecraft:amethyst"},{"model":{"type":"minecraft:model","model":"trimmable_tools:item/stone_pickaxe_resin_dune"},"when":"minecraft:resin"}],"fallback":{"type":"minecraft:model","model":"minecraft:item/stone_pickaxe"},"property":"minecraft:trim_material"}}