{"model":{"type":"minecraft:select","cases":[{"model":{"type":"minecraft:model","model":"trimmable_tools:item/stone_hoe_quartz_silence"},"when":"minecraft:quartz"},{"model":{"type":"minecraft:model","model":"trimmable_tools:item/stone_hoe_iron_silence"},"when":"minecraft:iron"},{"model":{"type":"minecraft:model","model":"trimmable_tools:item/stone_hoe_netherite_silence"},"when":"minecraft:netherite"},{"model":{"type":"minecraft:model","model":"trimmable_tools:item/stone_hoe_redstone_silence"},"when":"minecraft:redstone"},{"model":{"type":"minecraft:model","model":"trimmable_tools:item/stone_hoe_copper_silence"},"when":"minecraft:copper"},{"model":{"type":"minecraft:model","model":"trimmable_tools:item/stone_hoe_gold_silence"},"when":"minecraft:gold"},{"model":{"type":"minecraft:model","model":"trimmable_tools:item/stone_hoe_emerald_silence"},"when":"minecraft:emerald"},{"model":{"type":"minecraft:model","model":"trimmable_tools:item/stone_hoe_diamond_silence"},"when":"minecraft:diamond"},{"model":{"type":"minecraft:model","model":"trimmable_tools:item/stone_hoe_lapis_silence"},"when":"minecraft:lapis"},{"model":{"type":"minecraft:model","model":"trimmable_tools:item/stone_hoe_amethyst_silence"},"when":"minecraft:amethyst"},{"model":{"type":"minecraft:model","model":"trimmable_tools:item/stone_hoe_resin_silence"},"when":"minecraft:resin"}],"fallback":{"type":"minecraft:model","model":"minecraft:item/stone_hoe"},"property":"minecraft:trim_material"}}